<?xml version="1.0" encoding="UTF-8"?>
<GenRun Id="impl_1" LaunchPart="xc7a35tcsg324-1" LaunchTime="1715410961">
  <File Type="ROUTE-BUS-SKEW" Name="labb_bus_skew_routed.rpt"/>
  <File Type="PA-DCP" Name="labb.dcp"/>
  <File Type="OPT-HWDEF" Name="labb.hwdef"/>
  <File Type="ROUTE-PWR" Name="labb_power_routed.rpt"/>
  <File Type="PA-TCL" Name="labb.tcl"/>
  <File Type="BITSTR-BMM" Name="labb_bd.bmm"/>
  <File Type="OPT-DCP" Name="labb_opt.dcp"/>
  <File Type="REPORTS-TCL" Name="labb_reports.tcl"/>
  <File Type="ROUTE-PWR-SUM" Name="labb_power_summary_routed.pb"/>
  <File Type="OPT-DRC" Name="labb_drc_opted.rpt"/>
  <File Type="PWROPT-DCP" Name="labb_pwropt.dcp"/>
  <File Type="PLACE-DCP" Name="labb_placed.dcp"/>
  <File Type="PLACE-IO" Name="labb_io_placed.rpt"/>
  <File Type="PLACE-UTIL" Name="labb_utilization_placed.rpt"/>
  <File Type="PLACE-UTIL-PB" Name="labb_utilization_placed.pb"/>
  <File Type="PLACE-CTRL" Name="labb_control_sets_placed.rpt"/>
  <File Type="PLACE-PRE-SIMILARITY" Name="labb_incremental_reuse_pre_placed.rpt"/>
  <File Type="POSTPLACE-PWROPT-DCP" Name="labb_postplace_pwropt.dcp"/>
  <File Type="BG-BIN" Name="labb.bin"/>
  <File Type="PHYSOPT-DCP" Name="labb_physopt.dcp"/>
  <File Type="BITSTR-MSK" Name="labb.msk"/>
  <File Type="ROUTE-ERROR-DCP" Name="labb_routed_error.dcp"/>
  <File Type="ROUTE-DCP" Name="labb_routed.dcp"/>
  <File Type="ROUTE-BLACKBOX-DCP" Name="labb_routed_bb.dcp"/>
  <File Type="ROUTE-DRC" Name="labb_drc_routed.rpt"/>
  <File Type="ROUTE-DRC-PB" Name="labb_drc_routed.pb"/>
  <File Type="ROUTE-DRC-RPX" Name="labb_drc_routed.rpx"/>
  <File Type="BITSTR-LTX" Name="labb.ltx"/>
  <File Type="ROUTE-METHODOLOGY-DRC" Name="labb_methodology_drc_routed.rpt"/>
  <File Type="BITSTR-MMI" Name="labb.mmi"/>
  <File Type="ROUTE-METHODOLOGY-DRC-RPX" Name="labb_methodology_drc_routed.rpx"/>
  <File Type="ROUTE-METHODOLOGY-DRC-PB" Name="labb_methodology_drc_routed.pb"/>
  <File Type="BITSTR-SYSDEF" Name="labb.sysdef"/>
  <File Type="ROUTE-PWR-RPX" Name="labb_power_routed.rpx"/>
  <File Type="ROUTE-STATUS" Name="labb_route_status.rpt"/>
  <File Type="ROUTE-STATUS-PB" Name="labb_route_status.pb"/>
  <File Type="ROUTE-TIMINGSUMMARY" Name="labb_timing_summary_routed.rpt"/>
  <File Type="ROUTE-TIMING-PB" Name="labb_timing_summary_routed.pb"/>
  <File Type="ROUTE-TIMING-RPX" Name="labb_timing_summary_routed.rpx"/>
  <File Type="ROUTE-CLK" Name="labb_clock_utilization_routed.rpt"/>
  <File Type="ROUTE-BUS-SKEW-PB" Name="labb_bus_skew_routed.pb"/>
  <File Type="ROUTE-BUS-SKEW-RPX" Name="labb_bus_skew_routed.rpx"/>
  <File Type="POSTROUTE-PHYSOPT-DCP" Name="labb_postroute_physopt.dcp"/>
  <File Type="POSTROUTE-PHYSOPT-BLACKBOX-DCP" Name="labb_postroute_physopt_bb.dcp"/>
  <File Type="BG-BIT" Name="labb.bit"/>
  <File Type="BITSTR-RBT" Name="labb.rbt"/>
  <File Type="BITSTR-NKY" Name="labb.nky"/>
  <File Type="BG-BGN" Name="labb.bgn"/>
  <File Type="BG-DRC" Name="labb.drc"/>
  <File Type="RDI-RDI" Name="labb.vdi"/>
  <File Type="WBT-USG" Name="usage_statistics_webtalk.html"/>
  <FileSet Name="sources" Type="DesignSrcs" RelSrcDir="$PSRCDIR/sources_1">
    <Filter Type="Srcs"/>
    <File Path="$PSRCDIR/sources_1/new/labb.vhd">
      <FileInfo>
        <Attr Name="UsedIn" Val="synthesis"/>
        <Attr Name="UsedIn" Val="simulation"/>
      </FileInfo>
    </File>
    <Config>
      <Option Name="DesignMode" Val="RTL"/>
      <Option Name="TopModule" Val="labb"/>
      <Option Name="TopAutoSet" Val="TRUE"/>
    </Config>
  </FileSet>
  <FileSet Name="constrs_in" Type="Constrs" RelSrcDir="$PSRCDIR/constrs_1">
    <Filter Type="Constrs"/>
    <File Path="$PSRCDIR/constrs_1/new/labb.xdc">
      <FileInfo>
        <Attr Name="UsedIn" Val="synthesis"/>
        <Attr Name="UsedIn" Val="implementation"/>
      </FileInfo>
    </File>
    <Config>
      <Option Name="TargetConstrsFile" Val="$PSRCDIR/constrs_1/new/labb.xdc"/>
      <Option Name="ConstrsType" Val="XDC"/>
    </Config>
  </FileSet>
  <Strategy Version="1" Minor="2">
    <StratHandle Name="Vivado Implementation Defaults" Flow="Vivado Implementation 2018"/>
    <Step Id="init_design"/>
    <Step Id="opt_design"/>
    <Step Id="power_opt_design"/>
    <Step Id="place_design"/>
    <Step Id="post_place_power_opt_design"/>
    <Step Id="phys_opt_design"/>
    <Step Id="route_design"/>
    <Step Id="post_route_phys_opt_design"/>
    <Step Id="write_bitstream"/>
  </Strategy>
</GenRun>
